Workbook

Sheet 1
A1: folderName | B1: VideoName | C1: code | D1: mode | E1: subMode | F1: modeOBJ | G1: NameRender | H1: content-01 | I1: content-02 | J1: content-03 | K1: content-04 | L1: content-05 | M1: content-06
A2: MKTEN | B2: MKTEN_video | C2: INMODE | D2: ADD_mode000 | F2: ADD_MODEOBJ000
C3: INMODE | D3: ADD_mode001 | F3: ADD_MODEOBJ001
C4: INMODE | D4: ADD_mode002 | F4: ADD_MODEOBJ002
C5: INMODE | D5: ADD_mode003 | F5: ADD_MODEOBJ003
C6: INMODE | D6: ADD_mode004 | F6: ADD_MODEOBJ004
C7: INMODE | D7: ADD_mode005 | F7: ADD_MODEOBJ005
C8: INMODE | D8: ADD_mode006 | F8: ADD_MODEOBJ006
C9: INMODE | D9: ADD_mode007 | F9: ADD_MODEOBJ007
C10: INMODE | D10: ADD_mode008 | F10: ADD_MODEOBJ008

Sheet 2
A1: Hoàn thành bảng sau theo Mô tả; mỗi css- chưa một thành tố css dạng {"padding":"25px"} | B1: styleCssName | C1: css-001 | D1: css-002 | E1: css-003 | F1: css-004 | G1: css-005 | H1: css-006 | I1: css-007 | J1: css-008 | K1: css-009 | L1: css-010 | M1: css-011 | N1: css-012 | O1: css-013 | P1: css-014 | Q1: css-015 | R1: css-016 | S1: css-017 | T1: css-018
B2: DIVA001-css | C2: {position: "absolute"} | D2: {height: 1920} | E2: {width: 1080}
B3: DIVA002-css | D3: {height: 1920}
B5: DIVA003-css | C5: {position: "absolute", top: 0, left:0, right:0 , bottom:0} | D5: {height: 1920} | E5: { fontSize: 70, fontWeight: 900, color: "yellow", lineHeight: 1.1,fontStyle: "italic" } | F5: { WebkitTextStroke: "3px black", textShadow: "1px 1px 3px rgba(0,0,0,0.7)"} | G5: {whiteSpace: "pre-line"} | H5: ='5'!G2 -> { paddingTop: "200"} | I5: { paddingLeft: "80"} | J5: { paddingRight: "80"}
B6: DIVA004-css | C6: {position: "absolute", top: 0, left:0, right:0 , bottom:0} | E6: { fontSize: 80, fontWeight: 900, color: "yellow", lineHeight: 1.1,fontStyle: "italic" } | F6: { WebkitTextStroke: "3px black", textShadow: "1px 1px 3px rgba(0,0,0,0.7)"} | G6: {whiteSpace: "pre-line"} | H6: ='5'!G3 -> { paddingTop: "315"} | I6: { paddingLeft: "80"} | J6: { paddingRight: "80"}
B7: DIVA005-css | C7: {position: "absolute", top: 0, left:0, right:0 , bottom:0} | E7: { fontSize: 90, fontWeight: 900, color: "yellow", lineHeight: 1.1,fontStyle: "italic" } | F7: { WebkitTextStroke: "3px black", textShadow: "1px 1px 3px rgba(0,0,0,0.7)"} | G7: {whiteSpace: "pre-line"} | H7: ='5'!G4 -> { paddingTop: "495"} | I7: { paddingLeft: "80"} | J7: { paddingRight: "80"}
B8: DIVA006-css | C8: {position: "absolute", top: 0, left:0, right:0 , bottom:0} | E8: { fontSize: 100, fontWeight: 900, color: "yellow", lineHeight: 1.1,fontStyle: "italic" } | F8: { WebkitTextStroke: "3px black", textShadow: "1px 1px 3px rgba(0,0,0,0.7)"} | G8: {whiteSpace: "pre-line"} | H8: ='5'!G5 -> { paddingTop: "747.5"} | I8: { paddingLeft: "80"} | J8: { paddingRight: "80"}
B9: DIVA007-css | C9: {position: "absolute", top: 0, left:0, right:0 , bottom:0} | E9: { fontSize: 110, fontWeight: 900, color: "yellow", lineHeight: 1.1,fontStyle: "italic" } | F9: { WebkitTextStroke: "3px black", textShadow: "1px 1px 3px rgba(0,0,0,0.7)"} | G9: {whiteSpace: "pre-line"} | H9: ='5'!G6 -> { paddingTop: "1080"} | I9: { paddingLeft: "80"} | J9: { paddingRight: "80"}
B10: DIVA008-css | C10: {position: "absolute", top: 0, left:0, right:0 , bottom:0} | E10: { fontSize: 120, fontWeight: 900, color: "yellow", lineHeight: 1.1,fontStyle: "italic" } | F10: { WebkitTextStroke: "3px black", textShadow: "1px 1px 3px rgba(0,0,0,0.7)"} | G10: {whiteSpace: "pre-line"} | H10: ='5'!G7 -> { paddingTop: "1500"} | I10: { paddingLeft: "80"} | J10: { paddingRight: "80"}
B11: DIVA009-css | C11: {position: "absolute", top: 0, left:0, right:0 , bottom:0} | E11: { fontSize: 150, fontWeight: 900, color: "yellow", lineHeight: 1.1,fontStyle: "italic" } | F11: { WebkitTextStroke: "3px black", textShadow: "1px 1px 3px rgba(0,0,0,0.7)"} | G11: {whiteSpace: "pre-line"} | H11: { paddingTop: "1000"} | I11: { paddingLeft: "80"} | J11: { paddingRight: "80"}
B12: DIVA010-css | C12: {position: "absolute", top: 0, left:0, right:0 , bottom:0} | E12: { fontSize: 100, fontWeight: 900, color: "yellow", lineHeight: 1.1,fontStyle: "italic" } | F12: { WebkitTextStroke: "3px black", textShadow: "1px 1px 3px rgba(0,0,0,0.7)"} | G12: {whiteSpace: "pre-line"} | H12: { paddingTop: "400"}
B17: DIVB-logo-div-css | C17: {position: "absolute", top: "90%", left:800, right:0, bottom:0} | D17: {textAlign: "center"} | E17: {zIndex: "9999"}
B18: DIVB-logo-img-css | C18: {width: "150px"} | D18: {borderRadius: "50%"}
B19: DIV-numder-css | C19: {position: "absolute", top: "20px", left:20px} | D19: { fontSize: 60, color: "blue", lineHeight: 1.1,fontStyle: "italic" } | E19: { backgroundColor: "white"} | F19: {borderRadius: "10%"}
B21: div-hook-top-css | C21: {position: "absolute", top: "20%", left:0, right:0, bottom:0} | D21: { fontSize: 80, color: "yellow", fontWeight: 700, lineHeight: 1.1,fontStyle: "italic" } | E21: {textAlign: "center"} | F21: { WebkitTextStroke: "1px black", textShadow: "1px 1px 3px rgba(0,0,0,0.7)"} | H21: {whiteSpace: "pre-line"}
B22: div-hook-main-css | C22: {position: "absolute", top: "27%", left:50, right:50} | D22: { fontSize: 140, color: "yellow", fontWeight: 900, lineHeight: 1.1,fontStyle: "italic" } | E22: {textAlign: "center"} | F22: { WebkitTextStroke: "1px black", textShadow: "1px 1px 3px rgba(0,0,0,0.7)"} | H22: {whiteSpace: "pre-line"} | I22: { backgroundColor: "white"} | J22: {borderRadius: "30px"} | K22: { backgroundColor: "rgba(128, 128, 128, 0.7)", padding: "7%"}
B23: div-hook-sub-css | C23: {position: "absolute", top: "53%", left:0, right:0, bottom:0} | D23: { fontSize: 60, color: "yellow", fontWeight: 800, lineHeight: 1.1,fontStyle: "italic" } | E23: {textAlign: "center"} | F23: { WebkitTextStroke: "1px black", textShadow: "1px 1px 3px rgba(0,0,0,0.7)"} | H23: {whiteSpace: "pre-line"}
B24: DIVA0textsubtitle-css | C24: {marginTop:30, fontSize: 45, color: "black",fontWeight: 300, lineHeight: 1.3,fontStyle: "italic" } | D24: {textAlign: "left"} | E24: { backgroundColor: "white"}
B25: div-hook-sub-number-css | C25: {position: "absolute", top: "63%", left:0, right:0, bottom:0} | D25: { fontSize: 60, color: "yellow", fontWeight: 800, lineHeight: 1.1,fontStyle: "italic" } | E25: {textAlign: "center"} | F25: { WebkitTextStroke: "1px black", textShadow: "1px 1px 3px rgba(0,0,0,0.7)"} | H25: {whiteSpace: "pre-line"}
B26: DIVND-css | C26: { position: "absolute", top: "15%", left: "5%", right: "5%", zIndex: 100 }
B27: DIVND001-css | C27: { zIndex: 101 } | D27: {fontSize: 80, color: "blue", fontWeight: 700, lineHeight: 1.1, fontStyle: "italic"} | E27: {textAlign: "left", whiteSpace: "pre-line", padding: "2%", borderRadius: "15px", border: "2px solid rgba(0, 0, 0, 0.25)",} | F27: { backgroundImage: ` linear-gradient( rgba(255, 255, 255, 0.70), rgba(255, 255, 255, 0.70) ), url('/assets/BG/BG_canhan.png') `, backgroundSize: "cover", backgroundPosition: "center", boxShadow: "0 4px 12px rgba(0,0,0,0.25)" }
B28: DIVND002-css | C28: { zIndex: 101 } | D28: {fontSize: 80, color: "blue", fontWeight: 700, lineHeight: 1.1, fontStyle: "italic"} | E28: {textAlign: "left", whiteSpace: "pre-line", padding: "2%", borderRadius: "15px", border: "2px solid rgba(0, 0, 0, 0.25)",} | H28: { backgroundColor: "rgba(128, 128, 128, 0.7)", padding: "7%"}
B29: DIVtext02-css | C29: {position: "absolute", top: "85%", left:50, right:50, bottom:50,zIndex:100, padding:"10px"} | D29: { fontSize: 50, color: "black", fontWeight: 500, lineHeight: 1.1,fontStyle: "italic" } | E29: {textAlign: "left"} | F29: { WebkitTextStroke: "1px black", textShadow: "1px 1px 3px rgba(0,0,0,0.7)"} | G29: {borderRadius: "15px"} | H29: { backgroundColor: "rgba(128, 128, 128, 0.7)", padding: "7%"} | I29: { backgroundColor: "white", padding: "2%"} | J29: {border:"10px solid blue"}
B30: DIVTOP-BLACK-css | C30: {position: "absolute", top: 0, left:-100, right:0, height:"380", zIndex:60, backgroundColor:"black"}

Sheet 3
B1: mode | C1: sttMode | D1: modeGroup | E1: contentName | G1: key-01 | H1: content-01 | I1: key-02 | J1: content-02 | K1: key-03 | L1: content-03 | M1: key-04 | N1: content-04 | O1: key-05 | P1: content-05 | Q1: key-06 | R1: content-06 | S1: key-07 | T1: content-07 | U1: key-08 | V1: content-08 | W1: key-09 | X1: content-09 | Y1: key-10 | Z1: content-10
B2: modeND | C2: 1 | D2: 1 | E2: DIVND | G2: cmd | H2: divAction | I2: text | K2: ToEndFrame | L2: TRUE | M2: timeFixed | N2: 0.1 | U2: id | V2: DIVoutline
B3: modeND | C3: 1 | D3: 1 | E3: DIVND001 | G3: cmd | H3: divAction | I3: text | J3: MODEOBJ.textFull | K3: ToEndFrame | L3: TRUE | M3: timeFixed | N3: 0.1 | U3: toID | V3: DIVoutline
B4: modeND | C4: 1 | D4: 1 | E4: DIVND002 | G4: cmd | H4: divAction | I4: text | J4: AAAAAAAAAAAAAAA | K4: ToEndFrame | L4: TRUE | M4: timeFixed | N4: 0.1 | U4: toID | V4: DIVoutline
B5: modeND | C5: 2 | D5: 1 | E5: DIVTOP-BLACK | G5: cmd | H5: divAction | K5: ToEndFrame | L5: TRUE
B6: modeND | C6: 3 | D6: 1 | E6: DIVB-logo-div | G6: cmd | H6: divAction | I6: id | J6: logoID | K6: ToEndFrame | L6: TRUE
B7: modeND | C7: 4 | D7: 1 | E7: DIVB-logo-img | G7: cmd | H7: imageViewActionToID | I7: toID | J7: logoID | K7: img | L7: logo_brand-pvd.png | M7: ToEndFrame | N7: TRUE
B8: modeND | C8: 5 | D8: 1 | E8: DIVtext02 | G8: cmd | H8: divAction | I8: text | J8: Ká Điện - "Hướng dẫn ghép âm & Rèn nghe nói tiếng anh online" | K8: ToEndFrame | L8: TRUE
B9: modeND | C9: 6 | D9: 1 | E9: divSound | G9: cmd | H9: soundPlayerAction | I9: soundSource | J9: nhacnen_vuituoi | K9: volume | L9: 0.2 | M9: ToEndFrame | N9: TRUE | O9: AudioStartFrom | P9: MODEOBJ.StartNUMBER
B11: mode000 | C11: 1 | D11: 1 | E11: DIVA001 | F11: =_xlfn.CONCAT(E11,"-css") -> DIVA001-css | G11: cmd | H11: videoView | I11: video | J11: MODEOBJ.videoSource | K11: videoStartFrom | L11: MODEOBJ.StartNUMBER | M11: timeFixed | N11: MODEOBJ.timeFixed | O11: objectFit | P11: cover | Q11: volume | R11: MODEOBJ.volume | S11: videoDuration | T11: MODEOBJ.timeFixed + 1 | U11: ChangeEndFrame | V11: 15
B16: modeimg | C16: 1 | D16: 1 | E16: DIVA001 | F16: =_xlfn.CONCAT(E16,"-css") -> DIVA001-css | G16: cmd | H16: divAction | I16: id | J16: h_full | M16: timeFixed | N16: MODEOBJ.timeFixed | U16: ChangeEndFrame | V16: 15
B17: modeimg | C17: 2 | D17: 1 | E17: DIVA002 | F17: =_xlfn.CONCAT(E17,"-css") -> DIVA002-css | G17: cmd | H17: imageViewActionToID | I17: toID | J17: h_full | K17: img | L17: MODEOBJ.imgSource | M17: transition | N17: kenBurns | O17: transitionFrame | P17: 150 | Q17: transitionLoop | R17: TRUE

Sheet 4
A1: Sheet\ADD | B1: ADD_mode000 | C1: ADD_MODEOBJ000 | D1: ADD_mode001 | E1: ADD_MODEOBJ001 | F1: ADD_mode002 | G1: ADD_MODEOBJ002 | H1: ADD_mode003 | I1: ADD_MODEOBJ003 | J1: ADD_mode004 | K1: ADD_MODEOBJ004 | L1: ADD_mode005 | M1: ADD_MODEOBJ005 | N1: ADD_mode006 | O1: ADD_MODEOBJ006 | P1: ADD_mode007 | Q1: ADD_MODEOBJ007 | R1: ADD_mode008 | S1: ADD_MODEOBJ008
A2: Sheet 1 | B2: modeND | C2: {"mode":"ADD_mode000","StartNUMBER":"NU10","videoSource":null,"volume":null,"imgSource":null,"timeFixed":1,"textFull":"Nghe nói tiếng anh. Chúng ta thiếu 'cách luyện' hơn là 'cách học'.","text02":null,"INDEXFolder":"MKTENDinhVi","INDEXName":"MKTENDinhVi_","obj":"ADD_MODEOBJ000","type":"A1","fsp":"hi","img":"https://i.postimg.cc/vTh9hqF4/Emily-21.jpg","name":"Emily","gender":"female"} | D2: mode000 | E2: {"mode":null,"StartNUMBER":"NU10","videoSource":"longvideoBG_100lifehack.mp4","volume":0,"imgSource":null,"timeFixed":4,"textFull":null,"text02":null,"INDEXFolder":null,"INDEXName":null,"obj":null,"type":null,"fsp":null,"img":null,"name":null,"gender":null} | F2: mode000 | G2: {"mode":null,"StartNUMBER":"NU40","videoSource":"longvideoBG_100lifehack.mp4","volume":0,"imgSource":null,"timeFixed":4,"textFull":null,"text02":null,"INDEXFolder":null,"INDEXName":null,"obj":null,"type":null,"fsp":null,"img":null,"name":null,"gender":null} | H2: NULLA | I2: {"mode":null,"StartNUMBER":null,"videoSource":null,"volume":null,"imgSource":null,"timeFixed":null,"textFull":null,"text02":null,"INDEXFolder":null,"INDEXName":null,"obj":null,"type":null,"fsp":null,"img":null,"name":null,"gender":null} | J2: NULLA | K2: {"mode":null,"StartNUMBER":null,"videoSource":null,"volume":null,"imgSource":null,"timeFixed":null,"textFull":null,"text02":null,"INDEXFolder":null,"INDEXName":null,"obj":null,"type":null,"fsp":null,"img":null,"name":null,"gender":null} | L2: NULLA | M2: {"mode":null,"StartNUMBER":null,"videoSource":null,"volume":null,"imgSource":null,"timeFixed":null,"textFull":null,"text02":null,"INDEXFolder":null,"INDEXName":null,"obj":null,"type":null,"fsp":null,"img":null,"name":null,"gender":null} | N2: NULLA | O2: {"mode":null,"StartNUMBER":null,"videoSource":null,"volume":null,"imgSource":null,"timeFixed":null,"textFull":null,"text02":null,"INDEXFolder":null,"INDEXName":null,"obj":null,"type":null,"fsp":null,"img":null,"name":null,"gender":null} | P2: NULLA | Q2: {"mode":null,"StartNUMBER":null,"videoSource":null,"volume":null,"imgSource":null,"timeFixed":null,"textFull":null,"text02":null,"INDEXFolder":null,"INDEXName":null,"obj":null,"type":null,"fsp":null,"img":null,"name":null,"gender":null} | R2: NULLA | S2: {"mode":null,"StartNUMBER":null,"videoSource":null,"volume":null,"imgSource":null,"timeFixed":null,"textFull":null,"text02":null,"INDEXFolder":null,"INDEXName":null,"obj":null,"type":null,"fsp":null,"img":null,"name":null,"gender":null}
A3: Sheet 2 | B3: modeND | C3: {"mode":"ADD_mode000","StartNUMBER":"NU30","videoSource":null,"volume":null,"imgSource":null,"timeFixed":1,"textFull":"Nên đặt vấn đề 'tập luyện như thế nào' hơn là 'học cái gì'.","text02":null,"INDEXFolder":"MKTENDinhVi","INDEXName":"MKTENDinhVi_","obj":"ADD_MODEOBJ000","type":"A1","fsp":"hi","img":"https://i.postimg.cc/vTh9hqF4/Emily-21.jpg","name":"Emily","gender":"female"} | D3: mode000 | E3: {"mode":null,"StartNUMBER":"NU30","videoSource":"longvideoBG_100lifehack.mp4","volume":0,"imgSource":null,"timeFixed":4,"textFull":null,"text02":null,"INDEXFolder":null,"INDEXName":null,"obj":null,"type":null,"fsp":null,"img":null,"name":null,"gender":null} | F3: mode000 | G3: {"mode":null,"StartNUMBER":"NU60","videoSource":"longvideoBG_100lifehack.mp4","volume":0,"imgSource":null,"timeFixed":4,"textFull":null,"text02":null,"INDEXFolder":null,"INDEXName":null,"obj":null,"type":null,"fsp":null,"img":null,"name":null,"gender":null} | H3: NULLA | I3: {"mode":null,"StartNUMBER":null,"videoSource":null,"volume":null,"imgSource":null,"timeFixed":null,"textFull":null,"text02":null,"INDEXFolder":null,"INDEXName":null,"obj":null,"type":null,"fsp":null,"img":null,"name":null,"gender":null} | J3: NULLA | K3: {"mode":null,"StartNUMBER":null,"videoSource":null,"volume":null,"imgSource":null,"timeFixed":null,"textFull":null,"text02":null,"INDEXFolder":null,"INDEXName":null,"obj":null,"type":null,"fsp":null,"img":null,"name":null,"gender":null} | L3: NULLA | M3: {"mode":null,"StartNUMBER":null,"videoSource":null,"volume":null,"imgSource":null,"timeFixed":null,"textFull":null,"text02":null,"INDEXFolder":null,"INDEXName":null,"obj":null,"type":null,"fsp":null,"img":null,"name":null,"gender":null} | N3: NULLA | O3: {"mode":null,"StartNUMBER":null,"videoSource":null,"volume":null,"imgSource":null,"timeFixed":null,"textFull":null,"text02":null,"INDEXFolder":null,"INDEXName":null,"obj":null,"type":null,"fsp":null,"img":null,"name":null,"gender":null} | P3: NULLA | Q3: {"mode":null,"StartNUMBER":null,"videoSource":null,"volume":null,"imgSource":null,"timeFixed":null,"textFull":null,"text02":null,"INDEXFolder":null,"INDEXName":null,"obj":null,"type":null,"fsp":null,"img":null,"name":null,"gender":null} | R3: NULLA | S3: {"mode":null,"StartNUMBER":null,"videoSource":null,"volume":null,"imgSource":null,"timeFixed":null,"textFull":null,"text02":null,"INDEXFolder":null,"INDEXName":null,"obj":null,"type":null,"fsp":null,"img":null,"name":null,"gender":null}
A4: Sheet 3 | B4: modeND | C4: {"mode":"ADD_mode000","StartNUMBER":"NU50","videoSource":null,"volume":null,"imgSource":null,"timeFixed":1,"textFull":"Chỉ biết chưa hẳn đã làm được, luyện nhiều lần thì làm được.","text02":null,"INDEXFolder":"MKTENDinhVi","INDEXName":"MKTENDinhVi_","obj":"ADD_MODEOBJ000","type":"A1","fsp":"hi","img":"https://i.postimg.cc/vTh9hqF4/Emily-21.jpg","name":"Emily","gender":"female"} | D4: mode000 | E4: {"mode":null,"StartNUMBER":"NU50","videoSource":"longvideoBG_100lifehack.mp4","volume":0,"imgSource":null,"timeFixed":4,"textFull":null,"text02":null,"INDEXFolder":null,"INDEXName":null,"obj":null,"type":null,"fsp":null,"img":null,"name":null,"gender":null} | F4: mode000 | G4: {"mode":null,"StartNUMBER":"NU80","videoSource":"longvideoBG_100lifehack.mp4","volume":0,"imgSource":null,"timeFixed":4,"textFull":null,"text02":null,"INDEXFolder":null,"INDEXName":null,"obj":null,"type":null,"fsp":null,"img":null,"name":null,"gender":null} | H4: NULLA | I4: {"mode":null,"StartNUMBER":null,"videoSource":null,"volume":null,"imgSource":null,"timeFixed":null,"textFull":null,"text02":null,"INDEXFolder":null,"INDEXName":null,"obj":null,"type":null,"fsp":null,"img":null,"name":null,"gender":null} | J4: NULLA | K4: {"mode":null,"StartNUMBER":null,"videoSource":null,"volume":null,"imgSource":null,"timeFixed":null,"textFull":null,"text02":null,"INDEXFolder":null,"INDEXName":null,"obj":null,"type":null,"fsp":null,"img":null,"name":null,"gender":null} | L4: NULLA | M4: {"mode":null,"StartNUMBER":null,"videoSource":null,"volume":null,"imgSource":null,"timeFixed":null,"textFull":null,"text02":null,"INDEXFolder":null,"INDEXName":null,"obj":null,"type":null,"fsp":null,"img":null,"name":null,"gender":null} | N4: NULLA | O4: {"mode":null,"StartNUMBER":null,"videoSource":null,"volume":null,"imgSource":null,"timeFixed":null,"textFull":null,"text02":null,"INDEXFolder":null,"INDEXName":null,"obj":null,"type":null,"fsp":null,"img":null,"name":null,"gender":null} | P4: NULLA | Q4: {"mode":null,"StartNUMBER":null,"videoSource":null,"volume":null,"imgSource":null,"timeFixed":null,"textFull":null,"text02":null,"INDEXFolder":null,"INDEXName":null,"obj":null,"type":null,"fsp":null,"img":null,"name":null,"gender":null} | R4: NULLA | S4: {"mode":null,"StartNUMBER":null,"videoSource":null,"volume":null,"imgSource":null,"timeFixed":null,"textFull":null,"text02":null,"INDEXFolder":null,"INDEXName":null,"obj":null,"type":null,"fsp":null,"img":null,"name":null,"gender":null}
A5: Sheet 4 | B5: modeND | C5: {"mode":"ADD_mode000","StartNUMBER":"NU70","videoSource":null,"volume":null,"imgSource":null,"timeFixed":1,"textFull":"Kỹ năng là một việc được làm đi lại nhiều lần. Bạn đã lặp kỹ năng mình muốn chưa?","text02":null,"INDEXFolder":"MKTENDinhVi","INDEXName":"MKTENDinhVi_","obj":"ADD_MODEOBJ000","type":"A1","fsp":"hi","img":"https://i.postimg.cc/vTh9hqF4/Emily-21.jpg","name":"Emily","gender":"female"} | D5: mode000 | E5: {"mode":null,"StartNUMBER":"NU70","videoSource":"longvideoBG_100lifehack.mp4","volume":0,"imgSource":null,"timeFixed":4,"textFull":null,"text02":null,"INDEXFolder":null,"INDEXName":null,"obj":null,"type":null,"fsp":null,"img":null,"name":null,"gender":null} | F5: mode000 | G5: {"mode":null,"StartNUMBER":"NU100","videoSource":"longvideoBG_100lifehack.mp4","volume":0,"imgSource":null,"timeFixed":4,"textFull":null,"text02":null,"INDEXFolder":null,"INDEXName":null,"obj":null,"type":null,"fsp":null,"img":null,"name":null,"gender":null} | H5: NULLA | I5: {"mode":null,"StartNUMBER":null,"videoSource":null,"volume":null,"imgSource":null,"timeFixed":null,"textFull":null,"text02":null,"INDEXFolder":null,"INDEXName":null,"obj":null,"type":null,"fsp":null,"img":null,"name":null,"gender":null} | J5: NULLA | K5: {"mode":null,"StartNUMBER":null,"videoSource":null,"volume":null,"imgSource":null,"timeFixed":null,"textFull":null,"text02":null,"INDEXFolder":null,"INDEXName":null,"obj":null,"type":null,"fsp":null,"img":null,"name":null,"gender":null} | L5: NULLA | M5: {"mode":null,"StartNUMBER":null,"videoSource":null,"volume":null,"imgSource":null,"timeFixed":null,"textFull":null,"text02":null,"INDEXFolder":null,"INDEXName":null,"obj":null,"type":null,"fsp":null,"img":null,"name":null,"gender":null} | N5: NULLA | O5: {"mode":null,"StartNUMBER":null,"videoSource":null,"volume":null,"imgSource":null,"timeFixed":null,"textFull":null,"text02":null,"INDEXFolder":null,"INDEXName":null,"obj":null,"type":null,"fsp":null,"img":null,"name":null,"gender":null} | P5: NULLA | Q5: {"mode":null,"StartNUMBER":null,"videoSource":null,"volume":null,"imgSource":null,"timeFixed":null,"textFull":null,"text02":null,"INDEXFolder":null,"INDEXName":null,"obj":null,"type":null,"fsp":null,"img":null,"name":null,"gender":null} | R5: NULLA | S5: {"mode":null,"StartNUMBER":null,"videoSource":null,"volume":null,"imgSource":null,"timeFixed":null,"textFull":null,"text02":null,"INDEXFolder":null,"INDEXName":null,"obj":null,"type":null,"fsp":null,"img":null,"name":null,"gender":null}
A6: Sheet 5 | B6: modeND | C6: {"mode":"ADD_mode000","StartNUMBER":"NU90","videoSource":null,"volume":null,"imgSource":null,"timeFixed":1,"textFull":"Quen tay hay việc, việc khó cũng thành dễ. Huống gì là việc không khó lắm như này.","text02":null,"INDEXFolder":"MKTENDinhVi","INDEXName":"MKTENDinhVi_","obj":"ADD_MODEOBJ000","type":"A1","fsp":"hi","img":"https://i.postimg.cc/vTh9hqF4/Emily-21.jpg","name":"Emily","gender":"female"} | D6: mode000 | E6: {"mode":null,"StartNUMBER":"NU90","videoSource":"longvideoBG_100lifehack.mp4","volume":0,"imgSource":null,"timeFixed":4,"textFull":null,"text02":null,"INDEXFolder":null,"INDEXName":null,"obj":null,"type":null,"fsp":null,"img":null,"name":null,"gender":null} | F6: mode000 | G6: {"mode":null,"StartNUMBER":"NU120","videoSource":"longvideoBG_100lifehack.mp4","volume":0,"imgSource":null,"timeFixed":4,"textFull":null,"text02":null,"INDEXFolder":null,"INDEXName":null,"obj":null,"type":null,"fsp":null,"img":null,"name":null,"gender":null} | H6: NULLA | I6: {"mode":null,"StartNUMBER":null,"videoSource":null,"volume":null,"imgSource":null,"timeFixed":null,"textFull":null,"text02":null,"INDEXFolder":null,"INDEXName":null,"obj":null,"type":null,"fsp":null,"img":null,"name":null,"gender":null} | J6: NULLA | K6: {"mode":null,"StartNUMBER":null,"videoSource":null,"volume":null,"imgSource":null,"timeFixed":null,"textFull":null,"text02":null,"INDEXFolder":null,"INDEXName":null,"obj":null,"type":null,"fsp":null,"img":null,"name":null,"gender":null} | L6: NULLA | M6: {"mode":null,"StartNUMBER":null,"videoSource":null,"volume":null,"imgSource":null,"timeFixed":null,"textFull":null,"text02":null,"INDEXFolder":null,"INDEXName":null,"obj":null,"type":null,"fsp":null,"img":null,"name":null,"gender":null} | N6: NULLA | O6: {"mode":null,"StartNUMBER":null,"videoSource":null,"volume":null,"imgSource":null,"timeFixed":null,"textFull":null,"text02":null,"INDEXFolder":null,"INDEXName":null,"obj":null,"type":null,"fsp":null,"img":null,"name":null,"gender":null} | P6: NULLA | Q6: {"mode":null,"StartNUMBER":null,"videoSource":null,"volume":null,"imgSource":null,"timeFixed":null,"textFull":null,"text02":null,"INDEXFolder":null,"INDEXName":null,"obj":null,"type":null,"fsp":null,"img":null,"name":null,"gender":null} | R6: NULLA | S6: {"mode":null,"StartNUMBER":null,"videoSource":null,"volume":null,"imgSource":null,"timeFixed":null,"textFull":null,"text02":null,"INDEXFolder":null,"INDEXName":null,"obj":null,"type":null,"fsp":null,"img":null,"name":null,"gender":null}
A7: Sheet 6 | B7: modeND | C7: {"mode":"ADD_mode000","StartNUMBER":"NU110","videoSource":null,"volume":null,"imgSource":null,"timeFixed":1,"textFull":"Không học lý thuyết thì không được, nhưng chỉ học lý thuyết thì càng không được.","text02":null,"INDEXFolder":"MKTENDinhVi","INDEXName":"MKTENDinhVi_","obj":"ADD_MODEOBJ000","type":"A1","fsp":"hi","img":"https://i.postimg.cc/vTh9hqF4/Emily-21.jpg","name":"Emily","gender":"female"} | D7: mode000 | E7: {"mode":null,"StartNUMBER":"NU110","videoSource":"longvideoBG_100lifehack.mp4","volume":0,"imgSource":null,"timeFixed":4,"textFull":null,"text02":null,"INDEXFolder":null,"INDEXName":null,"obj":null,"type":null,"fsp":null,"img":null,"name":null,"gender":null} | F7: mode000 | G7: {"mode":null,"StartNUMBER":"NU140","videoSource":"longvideoBG_100lifehack.mp4","volume":0,"imgSource":null,"timeFixed":4,"textFull":null,"text02":null,"INDEXFolder":null,"INDEXName":null,"obj":null,"type":null,"fsp":null,"img":null,"name":null,"gender":null} | H7: NULLA | I7: {"mode":null,"StartNUMBER":null,"videoSource":null,"volume":null,"imgSource":null,"timeFixed":null,"textFull":null,"text02":null,"INDEXFolder":null,"INDEXName":null,"obj":null,"type":null,"fsp":null,"img":null,"name":null,"gender":null} | J7: NULLA | K7: {"mode":null,"StartNUMBER":null,"videoSource":null,"volume":null,"imgSource":null,"timeFixed":null,"textFull":null,"text02":null,"INDEXFolder":null,"INDEXName":null,"obj":null,"type":null,"fsp":null,"img":null,"name":null,"gender":null} | L7: NULLA | M7: {"mode":null,"StartNUMBER":null,"videoSource":null,"volume":null,"imgSource":null,"timeFixed":null,"textFull":null,"text02":null,"INDEXFolder":null,"INDEXName":null,"obj":null,"type":null,"fsp":null,"img":null,"name":null,"gender":null} | N7: NULLA | O7: {"mode":null,"StartNUMBER":null,"videoSource":null,"volume":null,"imgSource":null,"timeFixed":null,"textFull":null,"text02":null,"INDEXFolder":null,"INDEXName":null,"obj":null,"type":null,"fsp":null,"img":null,"name":null,"gender":null} | P7: NULLA | Q7: {"mode":null,"StartNUMBER":null,"videoSource":null,"volume":null,"imgSource":null,"timeFixed":null,"textFull":null,"text02":null,"INDEXFolder":null,"INDEXName":null,"obj":null,"type":null,"fsp":null,"img":null,"name":null,"gender":null} | R7: NULLA | S7: {"mode":null,"StartNUMBER":null,"videoSource":null,"volume":null,"imgSource":null,"timeFixed":null,"textFull":null,"text02":null,"INDEXFolder":null,"INDEXName":null,"obj":null,"type":null,"fsp":null,"img":null,"name":null,"gender":null}
A8: Sheet 7 | B8: modeND | C8: {"mode":"ADD_mode000","StartNUMBER":"NU130","videoSource":null,"volume":null,"imgSource":null,"timeFixed":1,"textFull":"Năng khiếu thì không cần, làm đủ làm đúng là ok.","text02":null,"INDEXFolder":"MKTENDinhVi","INDEXName":"MKTENDinhVi_","obj":"ADD_MODEOBJ000","type":"A1","fsp":"hi","img":"https://i.postimg.cc/vTh9hqF4/Emily-21.jpg","name":"Emily","gender":"female"} | D8: mode000 | E8: {"mode":null,"StartNUMBER":"NU130","videoSource":"longvideoBG_100lifehack.mp4","volume":0,"imgSource":null,"timeFixed":4,"textFull":null,"text02":null,"INDEXFolder":null,"INDEXName":null,"obj":null,"type":null,"fsp":null,"img":null,"name":null,"gender":null} | F8: mode000 | G8: {"mode":null,"StartNUMBER":"NU160","videoSource":"longvideoBG_100lifehack.mp4","volume":0,"imgSource":null,"timeFixed":4,"textFull":null,"text02":null,"INDEXFolder":null,"INDEXName":null,"obj":null,"type":null,"fsp":null,"img":null,"name":null,"gender":null} | H8: NULLA | I8: {"mode":null,"StartNUMBER":null,"videoSource":null,"volume":null,"imgSource":null,"timeFixed":null,"textFull":null,"text02":null,"INDEXFolder":null,"INDEXName":null,"obj":null,"type":null,"fsp":null,"img":null,"name":null,"gender":null} | J8: NULLA | K8: {"mode":null,"StartNUMBER":null,"videoSource":null,"volume":null,"imgSource":null,"timeFixed":null,"textFull":null,"text02":null,"INDEXFolder":null,"INDEXName":null,"obj":null,"type":null,"fsp":null,"img":null,"name":null,"gender":null} | L8: NULLA | M8: {"mode":null,"StartNUMBER":null,"videoSource":null,"volume":null,"imgSource":null,"timeFixed":null,"textFull":null,"text02":null,"INDEXFolder":null,"INDEXName":null,"obj":null,"type":null,"fsp":null,"img":null,"name":null,"gender":null} | N8: NULLA | O8: {"mode":null,"StartNUMBER":null,"videoSource":null,"volume":null,"imgSource":null,"timeFixed":null,"textFull":null,"text02":null,"INDEXFolder":null,"INDEXName":null,"obj":null,"type":null,"fsp":null,"img":null,"name":null,"gender":null} | P8: NULLA | Q8: {"mode":null,"StartNUMBER":null,"videoSource":null,"volume":null,"imgSource":null,"timeFixed":null,"textFull":null,"text02":null,"INDEXFolder":null,"INDEXName":null,"obj":null,"type":null,"fsp":null,"img":null,"name":null,"gender":null} | R8: NULLA | S8: {"mode":null,"StartNUMBER":null,"videoSource":null,"volume":null,"imgSource":null,"timeFixed":null,"textFull":null,"text02":null,"INDEXFolder":null,"INDEXName":null,"obj":null,"type":null,"fsp":null,"img":null,"name":null,"gender":null}
A9: Sheet 8 | B9: modeND | C9: {"mode":"ADD_mode000","StartNUMBER":"NU150","videoSource":null,"volume":null,"imgSource":null,"timeFixed":1,"textFull":"Một lần luyện là một lần tiếng bộ, đơn giản là hãy tập luyện ngay luôn.","text02":null,"INDEXFolder":"MKTENDinhVi","INDEXName":"MKTENDinhVi_","obj":"ADD_MODEOBJ000","type":"A1","fsp":"hi","img":"https://i.postimg.cc/vTh9hqF4/Emily-21.jpg","name":"Emily","gender":"female"} | D9: mode000 | E9: {"mode":null,"StartNUMBER":"NU150","videoSource":"longvideoBG_100lifehack.mp4","volume":0,"imgSource":null,"timeFixed":4,"textFull":null,"text02":null,"INDEXFolder":null,"INDEXName":null,"obj":null,"type":null,"fsp":null,"img":null,"name":null,"gender":null} | F9: mode000 | G9: {"mode":null,"StartNUMBER":"NU180","videoSource":"longvideoBG_100lifehack.mp4","volume":0,"imgSource":null,"timeFixed":4,"textFull":null,"text02":null,"INDEXFolder":null,"INDEXName":null,"obj":null,"type":null,"fsp":null,"img":null,"name":null,"gender":null} | H9: NULLA | I9: {"mode":null,"StartNUMBER":null,"videoSource":null,"volume":null,"imgSource":null,"timeFixed":null,"textFull":null,"text02":null,"INDEXFolder":null,"INDEXName":null,"obj":null,"type":null,"fsp":null,"img":null,"name":null,"gender":null} | J9: NULLA | K9: {"mode":null,"StartNUMBER":null,"videoSource":null,"volume":null,"imgSource":null,"timeFixed":null,"textFull":null,"text02":null,"INDEXFolder":null,"INDEXName":null,"obj":null,"type":null,"fsp":null,"img":null,"name":null,"gender":null} | L9: NULLA | M9: {"mode":null,"StartNUMBER":null,"videoSource":null,"volume":null,"imgSource":null,"timeFixed":null,"textFull":null,"text02":null,"INDEXFolder":null,"INDEXName":null,"obj":null,"type":null,"fsp":null,"img":null,"name":null,"gender":null} | N9: NULLA | O9: {"mode":null,"StartNUMBER":null,"videoSource":null,"volume":null,"imgSource":null,"timeFixed":null,"textFull":null,"text02":null,"INDEXFolder":null,"INDEXName":null,"obj":null,"type":null,"fsp":null,"img":null,"name":null,"gender":null} | P9: NULLA | Q9: {"mode":null,"StartNUMBER":null,"videoSource":null,"volume":null,"imgSource":null,"timeFixed":null,"textFull":null,"text02":null,"INDEXFolder":null,"INDEXName":null,"obj":null,"type":null,"fsp":null,"img":null,"name":null,"gender":null} | R9: NULLA | S9: {"mode":null,"StartNUMBER":null,"videoSource":null,"volume":null,"imgSource":null,"timeFixed":null,"textFull":null,"text02":null,"INDEXFolder":null,"INDEXName":null,"obj":null,"type":null,"fsp":null,"img":null,"name":null,"gender":null}
A10: Sheet 9 | B10: modeND | C10: {"mode":"ADD_mode000","StartNUMBER":"NU170","videoSource":null,"volume":null,"imgSource":null,"timeFixed":1,"textFull":"Nếu ngẫm lại thấy chưa luyện lần nào, thì hãy tạm dừng học lại xem xét cái đã.","text02":null,"INDEXFolder":"MKTENDinhVi","INDEXName":"MKTENDinhVi_","obj":"ADD_MODEOBJ000","type":"A1","fsp":"hi","img":"https://i.postimg.cc/vTh9hqF4/Emily-21.jpg","name":"Emily","gender":"female"} | D10: mode000 | E10: {"mode":null,"StartNUMBER":"NU170","videoSource":"longvideoBG_100lifehack.mp4","volume":0,"imgSource":null,"timeFixed":4,"textFull":null,"text02":null,"INDEXFolder":null,"INDEXName":null,"obj":null,"type":null,"fsp":null,"img":null,"name":null,"gender":null} | F10: mode000 | G10: {"mode":null,"StartNUMBER":"NU200","videoSource":"longvideoBG_100lifehack.mp4","volume":0,"imgSource":null,"timeFixed":4,"textFull":null,"text02":null,"INDEXFolder":null,"INDEXName":null,"obj":null,"type":null,"fsp":null,"img":null,"name":null,"gender":null} | H10: NULLA | I10: {"mode":null,"StartNUMBER":null,"videoSource":null,"volume":null,"imgSource":null,"timeFixed":null,"textFull":null,"text02":null,"INDEXFolder":null,"INDEXName":null,"obj":null,"type":null,"fsp":null,"img":null,"name":null,"gender":null} | J10: NULLA | K10: {"mode":null,"StartNUMBER":null,"videoSource":null,"volume":null,"imgSource":null,"timeFixed":null,"textFull":null,"text02":null,"INDEXFolder":null,"INDEXName":null,"obj":null,"type":null,"fsp":null,"img":null,"name":null,"gender":null} | L10: NULLA | M10: {"mode":null,"StartNUMBER":null,"videoSource":null,"volume":null,"imgSource":null,"timeFixed":null,"textFull":null,"text02":null,"INDEXFolder":null,"INDEXName":null,"obj":null,"type":null,"fsp":null,"img":null,"name":null,"gender":null} | N10: NULLA | O10: {"mode":null,"StartNUMBER":null,"videoSource":null,"volume":null,"imgSource":null,"timeFixed":null,"textFull":null,"text02":null,"INDEXFolder":null,"INDEXName":null,"obj":null,"type":null,"fsp":null,"img":null,"name":null,"gender":null} | P10: NULLA | Q10: {"mode":null,"StartNUMBER":null,"videoSource":null,"volume":null,"imgSource":null,"timeFixed":null,"textFull":null,"text02":null,"INDEXFolder":null,"INDEXName":null,"obj":null,"type":null,"fsp":null,"img":null,"name":null,"gender":null} | R10: NULLA | S10: {"mode":null,"StartNUMBER":null,"videoSource":null,"volume":null,"imgSource":null,"timeFixed":null,"textFull":null,"text02":null,"INDEXFolder":null,"INDEXName":null,"obj":null,"type":null,"fsp":null,"img":null,"name":null,"gender":null}
A11: Sheet 10 | B11: modeND | C11: {"mode":"ADD_mode000","StartNUMBER":"NU190","videoSource":null,"volume":null,"imgSource":null,"timeFixed":1,"textFull":"Rèn luyện, rèn luyện, lặp lại, lặp lại. Chìa khóa của thành thạo không đến từ học hiểu.","text02":null,"INDEXFolder":"MKTENDinhVi","INDEXName":"MKTENDinhVi_","obj":"ADD_MODEOBJ000","type":"A1","fsp":"hi","img":"https://i.postimg.cc/vTh9hqF4/Emily-21.jpg","name":"Emily","gender":"female"} | D11: mode000 | E11: {"mode":null,"StartNUMBER":"NU190","videoSource":"longvideoBG_100lifehack.mp4","volume":0,"imgSource":null,"timeFixed":4,"textFull":null,"text02":null,"INDEXFolder":null,"INDEXName":null,"obj":null,"type":null,"fsp":null,"img":null,"name":null,"gender":null} | F11: mode000 | G11: {"mode":null,"StartNUMBER":"NU220","videoSource":"longvideoBG_100lifehack.mp4","volume":0,"imgSource":null,"timeFixed":4,"textFull":null,"text02":null,"INDEXFolder":null,"INDEXName":null,"obj":null,"type":null,"fsp":null,"img":null,"name":null,"gender":null} | H11: NULLA | I11: {"mode":null,"StartNUMBER":null,"videoSource":null,"volume":null,"imgSource":null,"timeFixed":null,"textFull":null,"text02":null,"INDEXFolder":null,"INDEXName":null,"obj":null,"type":null,"fsp":null,"img":null,"name":null,"gender":null} | J11: NULLA | K11: {"mode":null,"StartNUMBER":null,"videoSource":null,"volume":null,"imgSource":null,"timeFixed":null,"textFull":null,"text02":null,"INDEXFolder":null,"INDEXName":null,"obj":null,"type":null,"fsp":null,"img":null,"name":null,"gender":null} | L11: NULLA | M11: {"mode":null,"StartNUMBER":null,"videoSource":null,"volume":null,"imgSource":null,"timeFixed":null,"textFull":null,"text02":null,"INDEXFolder":null,"INDEXName":null,"obj":null,"type":null,"fsp":null,"img":null,"name":null,"gender":null} | N11: NULLA | O11: {"mode":null,"StartNUMBER":null,"videoSource":null,"volume":null,"imgSource":null,"timeFixed":null,"textFull":null,"text02":null,"INDEXFolder":null,"INDEXName":null,"obj":null,"type":null,"fsp":null,"img":null,"name":null,"gender":null} | P11: NULLA | Q11: {"mode":null,"StartNUMBER":null,"videoSource":null,"volume":null,"imgSource":null,"timeFixed":null,"textFull":null,"text02":null,"INDEXFolder":null,"INDEXName":null,"obj":null,"type":null,"fsp":null,"img":null,"name":null,"gender":null} | R11: NULLA | S11: {"mode":null,"StartNUMBER":null,"videoSource":null,"volume":null,"imgSource":null,"timeFixed":null,"textFull":null,"text02":null,"INDEXFolder":null,"INDEXName":null,"obj":null,"type":null,"fsp":null,"img":null,"name":null,"gender":null}
A12: Sheet 11 | B12: modeND | C12: {"mode":"ADD_mode000","StartNUMBER":"NU210","videoSource":null,"volume":null,"imgSource":null,"timeFixed":1,"textFull":"Khó là khi chưa quen, tập làm qua lại nhiều lần là quen.","text02":null,"INDEXFolder":"MKTENDinhVi","INDEXName":"MKTENDinhVi_","obj":"ADD_MODEOBJ000","type":"A1","fsp":"hi","img":"https://i.postimg.cc/vTh9hqF4/Emily-21.jpg","name":"Emily","gender":"female"} | D12: mode000 | E12: {"mode":null,"StartNUMBER":"NU210","videoSource":"longvideoBG_100lifehack.mp4","volume":0,"imgSource":null,"timeFixed":4,"textFull":null,"text02":null,"INDEXFolder":null,"INDEXName":null,"obj":null,"type":null,"fsp":null,"img":null,"name":null,"gender":null} | F12: mode000 | G12: {"mode":null,"StartNUMBER":"NU240","videoSource":"longvideoBG_100lifehack.mp4","volume":0,"imgSource":null,"timeFixed":4,"textFull":null,"text02":null,"INDEXFolder":null,"INDEXName":null,"obj":null,"type":null,"fsp":null,"img":null,"name":null,"gender":null} | H12: NULLA | I12: {"mode":null,"StartNUMBER":null,"videoSource":null,"volume":null,"imgSource":null,"timeFixed":null,"textFull":null,"text02":null,"INDEXFolder":null,"INDEXName":null,"obj":null,"type":null,"fsp":null,"img":null,"name":null,"gender":null} | J12: NULLA | K12: {"mode":null,"StartNUMBER":null,"videoSource":null,"volume":null,"imgSource":null,"timeFixed":null,"textFull":null,"text02":null,"INDEXFolder":null,"INDEXName":null,"obj":null,"type":null,"fsp":null,"img":null,"name":null,"gender":null} | L12: NULLA | M12: {"mode":null,"StartNUMBER":null,"videoSource":null,"volume":null,"imgSource":null,"timeFixed":null,"textFull":null,"text02":null,"INDEXFolder":null,"INDEXName":null,"obj":null,"type":null,"fsp":null,"img":null,"name":null,"gender":null} | N12: NULLA | O12: {"mode":null,"StartNUMBER":null,"videoSource":null,"volume":null,"imgSource":null,"timeFixed":null,"textFull":null,"text02":null,"INDEXFolder":null,"INDEXName":null,"obj":null,"type":null,"fsp":null,"img":null,"name":null,"gender":null} | P12: NULLA | Q12: {"mode":null,"StartNUMBER":null,"videoSource":null,"volume":null,"imgSource":null,"timeFixed":null,"textFull":null,"text02":null,"INDEXFolder":null,"INDEXName":null,"obj":null,"type":null,"fsp":null,"img":null,"name":null,"gender":null} | R12: NULLA | S12: {"mode":null,"StartNUMBER":null,"videoSource":null,"volume":null,"imgSource":null,"timeFixed":null,"textFull":null,"text02":null,"INDEXFolder":null,"INDEXName":null,"obj":null,"type":null,"fsp":null,"img":null,"name":null,"gender":null}

Sheet pre-4
A1: ADD_... | B1: Sheet 1
A2: ADD_mode000 | B2: modeND
A3: ADD_MODEOBJ000 | B3: {"mode":"modeND","StartNUMBER":null,"videoSource":null,"volume":null,"imgSource":null,"timeFixed":0.1,"textFull":"ĐỂ CÓ KỸ NĂNG\nTập trung \"Rèn luyện\" quan trọng hơn tập trung \"học tập\" \n\n . . . ꜜꜜꜜcaption","text02":null,"INDEXFolder":"MKTEN","INDEXName":"MKTName"}
A4: ADD_mode001 | B4: mode000
A5: ADD_MODEOBJ001 | B5: {"mode":"mode000","StartNUMBER":0,"videoSource":"IMG_9024.MOV","volume":0,"imgSource":null,"timeFixed":5,"textFull":null,"text02":"Buổi sáng Rèn luyện Nghe Nói Tiếng Anh / WebApp PVD","INDEXFolder":null,"INDEXName":null}
A6: ADD_mode002 | B6: mode000
A7: ADD_MODEOBJ002 | B7: {"mode":"mode000","StartNUMBER":5,"videoSource":"IMG_9024.MOV","volume":0,"imgSource":null,"timeFixed":5,"textFull":null,"text02":"Buổi sáng Rèn luyện Nghe Nói Tiếng Anh / WebApp PVD","INDEXFolder":null,"INDEXName":null}
A8: ADD_mode003 | B8: NULLA
A9: ADD_MODEOBJ003 | B9: {"mode":"NULLA","StartNUMBER":null,"videoSource":null,"volume":null,"imgSource":null,"timeFixed":null,"textFull":null,"text02":null,"INDEXFolder":null,"INDEXName":null}
A10: ADD_mode004 | B10: NULLA
A11: ADD_MODEOBJ004 | B11: {"mode":"NULLA","StartNUMBER":null,"videoSource":null,"volume":null,"imgSource":null,"timeFixed":null,"textFull":null,"text02":null,"INDEXFolder":null,"INDEXName":null}
A12: ADD_mode005 | B12: NULLA
... A19: ADD_MODEOBJ008 | B19: {"mode":"NULLA","StartNUMBER":null,"videoSource":null,"volume":null,"imgSource":null,"timeFixed":null,"textFull":null,"text02":null,"INDEXFolder":null,"INDEXName":null}

Sheet 5
A2: { paddingTop: "200"} | B2: { paddingTop: " | C2: 200 | D2: 1 | E2: =C2*D2 -> 200 | F2: "} | G2: =_xlfn.CONCAT(B2,E2,F2,) -> { paddingTop: "200"}
A3: { paddingTop: "300"} | B3: { paddingTop: " | C3: 300 | D3: 1.05 | E3: =C3*D3 -> 315 | F3: "} | G3: =_xlfn.CONCAT(B3,E3,F3,) -> { paddingTop: "315"}
A4: { paddingTop: "450"} | B4: { paddingTop: " | C4: 450 | D4: 1.1 | E4: =C4*D4 -> 495 | F4: "} | G4: =_xlfn.CONCAT(B4,E4,F4,) -> { paddingTop: "495"}
A5: { paddingTop: "650"} | B5: { paddingTop: " | C5: 650 | D5: 1.15 | E5: =C5*D5 -> 747.5 | F5: "} | G5: =_xlfn.CONCAT(B5,E5,F5,) -> { paddingTop: "747.5"}
A6: { paddingTop: "900"} | B6: { paddingTop: " | C6: 900 | D6: 1.2 | E6: =C6*D6 -> 1080 | F6: "} | G6: =_xlfn.CONCAT(B6,E6,F6,) -> { paddingTop: "1080"}
A7: { paddingTop: "1200"} | B7: { paddingTop: " | C7: 1200 | D7: 1.25 | E7: =C7*D7 -> 1500 | F7: "} | G7: =_xlfn.CONCAT(B7,E7,F7,) -> { paddingTop: "1500"}

Sheet 10
A1: mode | B1: Start | C1: videoSource | D1: timeFixed | E1: obj
A2: ADD_mode000 | E2: ADD_MODEOBJ000
A3: ADD_mode001 | E3: ADD_MODEOBJ001
A4: ADD_mode002 | E4: ADD_MODEOBJ002
A5: ADD_mode003 | E5: ADD_MODEOBJ003
A6: ADD_mode004 | E6: ADD_MODEOBJ004
A7: ADD_mode005 | E7: ADD_MODEOBJ005
A8: ADD_mode006 | E8: ADD_MODEOBJ006
A9: ADD_mode007 | E9: ADD_MODEOBJ007
A10: ADD_mode008 | E10: ADD_MODEOBJ008

Sheet 11
A1: mode | B1: StartNUMBER | C1: videoSource | D1: volume | E1: imgSource | F1: timeFixed | G1: textFull
A2: modeND | F2: 0.1 | G2: ĐỂ CÓ KỸ NĂNG Tập trung "Rèn luyện" quan trọng hơn tập trung "học tập" . . .
A3: mode000 | B3: 0 | C3: IMG_9024.MOV | D3: 0 | F3: 20
A4: NULLA | B4: 10 | C4: kd_tranganninhbinh.mp4 | D4: 0 | F4: 5
A5: NULLA | B5: 5 | C5: kd_tranganninhbinh.mp4 | D5: 0 | F5: 5
A6: NULLA | E6: kd_avatar.png | F6: 5
A7: NULLA
A8: NULLA
A9: NULLA
A10: NULLA
A11: NULLA

Sheet 12
A1: mode | B1: StartNUMBER | C1: videoSource | D1: volume | E1: imgSource | F1: timeFixed | G1: textFull | H1: text02 | I1: INDEXFolder | J1: INDEXName
A2: modeND | F2: 0.1 | G2: Nếu "Phát âm" là cốt lõi của giao tiếp tiếng anh thì "Ghép âm" là cách dễ dàng, bình dân, logic để biết "phát âm". | I2: MKTENDinhVi | J2: MKTENDinhVi_
A3: mode000 | B3: 10 | C3: longvideoBG_100lifehack.mp4 | D3: 0 | F3: 10
A4: mode000 | B4: 30 | C4: longvideoBG_100lifehack.mp4 | D4: 0 | F4: 10
A5: NULLA
A6: NULLA
A7: NULLA
A8: NULLA
A9: NULLA
A10: NULLA
A11: NULLA

Sheet DRA
B2: Tạo một ảnh
B3: Kích thước: | C3: 180x320
B4: Chủ đề: | C4: bà âu yếm cháu nơi đồng quê
B5: Viết một cụm từ cách điệu giữa ảnh, giống như mây: | C5: "Âu yếm"
B6: Phong cách: tả thực
B7: Màu sắc: | C7: Tươi sáng, chủ đạo màu xanh lá, xanh dương
B8: Mục đích: | C8: Làm hình nền cho chữ "vàng viền đen"
F11: 10 | G11: ,
F12: 19 | G12: ,
F13: 20 | G13: ,
F14: 21 | G14: ,
F15: 22 | G15: ,
F16: 23

Sheet Todo
D2: Hoàn thành bảng sau với các từ tiếng anh
D3: Stt | E3: nguyên âm ai /aɪ/ | F3: nguyên âm oi /ɔɪ/ | G3: nguyên âm ei /eɪ/ | H3: nguyên âm ơu /əʊ/ | I3: au /aʊ/ | J3: e-ơ /eə/ | K3: u-ơ /ʊə/
D4: 1 | E4: my | F4: noise | G4: face | H4: home | I4: house | J4: hair | K4: tour
D5: 2 | E5: find | F5: boy | G5: name | H5: go | I5: town | J5: chair | K5: poor
D6: 3 | E6: bike | F6: toy | G6: cake | H6: road | I6: now | J6: bear | K6: sure
D7: 4 | E7: like | F7: coin | G7: game | H7: nose | I7: brown | J7: pear | K7: cure
D8: 5 | E8: time | F8: point | G8: rain | H8: boat | I8: flower | J8: care | K8: tourist
D9: 6 | E9: night | F9: voice | G9: day | H9: open | I9: loud | J9: where | K9: moor
D10: 7 | E10: smile | F10: join | G10: play | H10: phone | I10: mouse | J10: square | K10: pure
D11: 8 | E11: white | F11: enjoy | G11: train | H11: coat | I11: cloud | J11: wear | K11: during
D12: 9 | E12: right | F12: choice | G12: eight | H12: window | I12: shout | J12: fair | K12: rural
D13: 10 | E13: child | F13: oil | G13: wait | H13: snow | I13: cow | J13: parent | K13: jury

Sheet Sheet1
D1: Stt | E1: Thông điệp
D2: 1 | E2: “Phát âm” là cốt lõi của giao tiếp tiếng Anh. “Ghép âm” là cách dễ dàng, logic để biết “phát âm”.
D3: 2 | E3: “Ghép âm” là việc ghép các âm thanh thành tiếng. Học “ghép âm” là học logic căn bản của nghe và nói.
D4: 3 | E4: Muốn nghe và nói tốt, trước hết phải hiểu cách âm được tạo ra và kết nối với nhau.
D5: 4 | E5: Tiếng Anh không phải là những từ đứng riêng lẻ. Khi giao tiếp, các âm được ghép, nối và biến đổi thành dòng âm thanh liên tục.
D6: 5 | E6: “Ghép âm” giúp nhìn tiếng Anh từ góc độ âm thanh, thay vì chỉ nhìn vào mặt chữ.
D7: 6 | E7: Biết từ chưa có nghĩa là biết nói. Biết cách ghép âm mới giúp biến từ đã học thành âm thanh có thể sử dụng.
D8: 7 | E8: Học phát âm không nhất thiết phải bắt đầu bằng những quy tắc khó. Có thể bắt đầu từ những âm thanh quen thuộc và cách chúng ghép lại.
D9: 8 | E9: “Ghép âm” lấy cái quen thuộc làm cầu nối để người Việt từng bước làm quen với những âm thanh khác biệt của tiếng Anh.
D10: 9 | E10: Khi hiểu được logic của âm thanh, việc nghe tiếng Anh không còn là cố đoán từng từ, mà là nhận ra cách các âm đang kết nối với nhau.
D11: 10 | E11: Nghe tốt không chỉ nhờ vốn từ. Nghe tốt còn là khả năng nhận diện âm thanh trong cách người bản xứ thực sự nói.
D12: 11 | E12: Nói tiếng Anh không phải là đọc từng chữ. Nói là tạo ra một chuỗi âm thanh có nhịp điệu, trọng âm và sự liên kết.
D13: 12 | E13: “Ghép âm” hướng người học từ âm → tiếng → từ → cụm từ → câu → giao tiếp.
... D21: 20 | E21: “Ghép âm” — hiểu cách âm thanh kết nối để nghe dễ hơn, nói đúng hơn và giao tiếp tự nhiên hơn.
D22: Stt | E22: Thông điệp
D23: 1 | E23: “Phát âm” là cốt lõi của giao tiếp tiếng Anh. “Ghép âm” là cách dễ dàng, logic để hiểu “phát âm”.
D24: 2 | E24: “Ghép âm” là việc ghép các âm thanh thành tiếng. Học “ghép âm” là học logic căn bản của nghe và nói.
D25: 3 | E25: Tiếng Việt và tiếng Anh khác nhau trong phát âm, nhưng không hoàn toàn xa lạ. Giữa hai ngôn ngữ vẫn có những điểm tương đồng có thể tận dụng.
D26: 4 | E26: Thay vì bắt đầu từ những điều xa lạ, “Ghép âm” bắt đầu từ những âm thanh người Việt đã quen thuộc.
D27: 5 | E27: Cái quen thuộc là chiếc cầu nối để người Việt bước vào thế giới âm thanh của tiếng Anh.
D28: 6 | E28: Từ cái giống nhau, từng bước làm quen với cái khác nhau — đó là cách “Ghép âm” tiếp cận phát âm tiếng Anh.
D29: 7 | E29: Không né tránh sự khác biệt, cũng không làm mọi thứ trở nên quá phức tạp; “Ghép âm” giúp người học từng bước dung hòa những khác biệt trong phát âm.
D30: 8 | E30: Một âm thanh có thể quen thuộc, một cách ghép âm có thể quen thuộc. Từ những điểm quen thuộc đó, người học có thể tiến xa hơn.
D31: 9 | E31: Phát âm tiếng Anh trở nên dễ tiếp cận hơn khi người học có một điểm tựa quen thuộc để bắt đầu.
D32: 10 | E32: “Ghép âm” không chỉ cho biết phải phát âm thế nào, mà hướng người học hiểu vì sao âm thanh lại được tạo ra như vậy.
D33: 11 | E33: Khi hiểu được logic của âm thanh, người học không còn phải phụ thuộc hoàn toàn vào việc học thuộc lòng.
D34: 12 | E34: Học phát âm không chỉ là bắt chước âm thanh; đó còn là quá trình nhận ra, hiểu và ghép các âm thanh với nhau.
... D42: 20 | E42: “Ghép âm” — bắt đầu từ cái quen thuộc, làm quen với cái khác biệt, hiểu logic của âm thanh để nghe và nói tiếng Anh dễ dàng hơn.

Sheet Sheet2
A1: Gợi ý một bảng gồm 100 notes/ qoutes; chia thành các cột stt | Loại nội dung | Thông điệp ngắn đề xuất
A2: Dạng quote cá nhân, tôi sẽ ưu tiên 8–15 chữ, thậm chí 5–8 chữ nếu câu đủ mạnh.
A3: Một post = một ý = một câu có thể nhớ.
A4: 40% — Quan điểm cá nhân: những câu rất ngắn, thể hiện cách bạn nhìn vấn đề.
A5: 30% — Insight về tiếng Anh: nghe, nói, phát âm, âm thanh, thói quen của người Việt.
A6: 20% — Giải thích phương pháp: từ từ đưa “Ghép âm” vào như một cách tiếp cận.
A7: 10% — Thương hiệu/phương pháp: nói trực tiếp “Ghép âm là gì”, giá trị gì, khác biệt gì.
A8: 2 nội dung cơ bản chia sẻ:
A9: Chúng ta không thiếu nơi để "HỌC" Chúng ta thực cần tìm "NƠI RÈN LUYỆN"
A10: Sức mạnh của thực hành Ông bà ta thường nói: "Quen tay hay việc" hay "Trăm hay không bằng quen tay". Câu nói này nhấn mạnh rằng, dù lý thuyết có giỏi đến đâu, cũng không thể sánh bằng sự thành thạo nhờ thực hành liên tục. Việc học nghe và nói tiếng Anh cũng không ngoại lệ. Dù học lý thuyết nhiều đến đâu, nếu không thực sự thực hành nghe và nói, kết quả đạt được sẽ khó lòng như mong đợi. Với chúng tôi, con số 10.000 lượt luyện tập là một cột mốc quan trọng. Nó đánh dấu sự chuyển mình từ cảm giác tự ti, không thể giao tiếp tiếng Anh, sang sự tự tin, sẵn sàng trao đổi một cách tự nhiên bằng ngôn ngữ này.
A11: 4 Bước Để Hình Thành Kỹ Năng Nghe Nói! Đạt được 10.000 lượt nghe nói Bước 1: Chia nhỏ kỹ năng Tập trung vào kỹ năng cơ bản và cốt lõi nhất. Thay vì "học nghe nói", hãy tập trung vào "Ghép âm và tách âm". Trong quá trình học tiếng Anh, nhiều người thường băn khoăn vì sao họ có thể hiểu từ vựng và ngữ pháp nhưng vẫn không thể nghe hiểu hay nói chuyện tự nhiên. Bí quyết nằm ở kỹ năng cơ bản nhất nhưng cũng quan trọng nhất: ghép âm và tách âm. Bước 2: Học đủ để thực hành Học nhanh các nguyên tắc và phương pháp nền tảng. Không dành quá nhiều thời gian cho lý thuyết, tập trung vào những gì cần thiết để bắt đầu thực hành ngay. Bước 3: Loại bỏ các rào cản Có hai loại rào cản chính cần vượt qua: Rào cản khách quan: Không có môi trường luyện tập phù hợp hoặc môi trường hiện tại gặp nhiều vấn đề không thuận lợi. Rào cản chủ quan: Thiếu tập trung, lười biếng, cảm giác chán nản, sợ hãi thất bại hoặc không thể kiên trì. Hiểu được những thách thức này, chúng tôi đã phát triển và áp dụng các phương pháp hỗ trợ để giúp bạn dễ dàng vượt qua mọi rào cản. Bước 4: Luyện tập lặp lại Luyện tập hiệu quả theo chu trình: Luyện tập → Ghi nhận phản hồi → Sửa chữa, tinh chỉnh → Luyện tập tiếp tục. Lặp lại chu trình này một cách đều đặn và có định hướng cho đến khi đạt được mục tiêu 10.000 lượt thực hành. Đây chính là chìa khóa để xây dựng sự thành thạo và tự tin với kỹ năng bạn đang rèn luyện.
A12: Khóa thực hành "bình dân", "không năng khiếu". "Bình dân" Khóa học tập trung vào các nguyên tắc "đơn giản", "dễ sử dụng" và "bình dân" thay vì các yếu tố "hoa mỹ" hay "học thuật". Mục tiêu chính là giúp bạn thực hành nhiều và tiến bộ nhanh. Chúng tôi ưu tiên tính thực tế, giúp người học nắm bắt kỹ năng nghe nói hiệu quả mà không bị áp lực bởi sự phức tạp của ngôn ngữ học thuật. "Không năng khiếu" Phương pháp học tập trung vào các kỹ năng cơ bản nhất, đơn giản và có thể lặp đi lặp lại. Không yêu cầu "có khiếu học tiếng anh", chỉ cần bạn làm đúng và đủ, kết quả sẽ tự động đến.
... A16: Tiếng Việt và tiếng Anh có nhiều điểm khác biệt trong phát âm, nhưng giữa hai ngôn ngữ vẫn tồn tại những nét tương đồng có thể tận dụng. Phương pháp này bắt đầu từ việc tìm ra cái quen thuộc để làm cầu nối, rồi từng bước làm quen và dung hòa những điểm khác biệt. Nhờ đó, việc học phát âm tiếng Anh trở nên dễ tiếp cận hơn, bớt cảm giác xa lạ và đặc biệt là có logic để hiểu, ghi nhớ và vận dụng.

Sheet 21
A1: mode | B1: obj | F1: HD-Bmark | G1: getIndexInTable | H1: type | I1: fsp
A2: ADD_mode000 | B2: ADD_MODEOBJ000 | F2: A0 | G2: [{"name":"CMD-A01-A","index":1}] | H2: A1 | I2: hi
A3: ADD_mode001 | B3: ADD_MODEOBJ001 | F3: A1
A4: ADD_mode002 | B4: ADD_MODEOBJ002 | F4: A2
A5: ADD_mode003 | B5: ADD_MODEOBJ003 | F5: A3
A6: ADD_mode004 | B6: ADD_MODEOBJ004 | F6: A4
A7: ADD_mode005 | B7: ADD_MODEOBJ005 | F7: A5
A8: ADD_mode006 | B8: ADD_MODEOBJ006 | F8: A6
A9: ADD_mode007 | B9: ADD_MODEOBJ007 | F9: A7
A10: ADD_mode008 | B10: ADD_MODEOBJ008 | F10: A8

Sheet 22
A1: ZZAA-002 | B1: ZZAA-003 | C1: ZZAA-004 | D1: ZZAA-005 | E1: ZZAA-006
A2: Quan điểm cá nhân | B2: Chúng ta không thiếu nơi để học, chỉ thiếu nơi để rèn luyện. | C2: Nghe nói tiếng anh. Chúng ta thiếu "cách luyện" hơn là "cách học". | D2: NU10 | E2: NU40
A3: Quan điểm cá nhân | B3: Học nhiều không bằng thực hành đủ. | C3: Nên đặt vấn đề "tập luyện như thế nào" hơn là "học cái gì". | D3: NU30 | E3: NU60
A4: Quan điểm cá nhân | B4: Biết cách làm chưa có nghĩa là làm được. | C4: Chỉ biết chưa hẳn đã làm được, luyện nhiều lần thì làm được. | D4: NU50 | E4: NU80
A5: Quan điểm cá nhân | B5: Kỹ năng chỉ hình thành sau nhiều lần thực hành. | C5: Kỹ năng là một việc được làm đi lại nhiều lần. Bạn đã lặp kỹ năng mình muốn chưa? | D5: NU70 | E5: NU100
A6: Quan điểm cá nhân | B6: Quen tay rồi, việc khó cũng thành quen. | C6: Quen tay hay việc, việc khó cũng thành dễ. Huống gì là việc không khó lắm như này. | D6: NU90 | E6: NU120
A7: Quan điểm cá nhân | B7: Lý thuyết mở đường, thực hành tạo năng lực. | C7: Không học lý thuyết thì không được, nhưng chỉ học lý thuyết thì càng không được. | D7: NU110 | E7: NU140
A8: Quan điểm cá nhân | B8: Không cần năng khiếu, cần làm đúng và đủ. | C8: Năng khiếu thì không cần, làm đủ làm đúng là ok. | D8: NU130 | E8: NU160
A9: Quan điểm cá nhân | B9: Tiến bộ thường bắt đầu từ những việc rất đơn giản. | C9: Một lần luyện là một lần tiếng bộ, đơn giản là hãy tập luyện ngay luôn. | D9: NU150 | E9: NU180
A10: Quan điểm cá nhân | B10: Đừng học mãi một kỹ năng mà chưa từng luyện nó. | C10: Nếu ngẫm lại thấy chưa luyện lần nào, thì hãy tạm dừng học lại xem xét cái đã. | D10: NU170 | E10: NU200
A11: Quan điểm cá nhân | B11: Thành thạo không đến từ hiểu biết, mà từ lặp lại. | C11: Rèn luyện, rèn luyện, lặp lại, lặp lại. Chìa khóa của thành thạo không đến từ học hiểu. | D11: NU190 | E11: NU220
A12: Quan điểm cá nhân | B12: Cái khó thường chỉ khó khi chúng ta chưa quen. | C12: Khó là khi chưa quen, tập làm qua lại nhiều lần là quen. | D12: NU210 | E12: NU240

Sheet 23
A1: mode | B1: StartNUMBER | C1: videoSource | D1: volume | E1: imgSource | F1: timeFixed | G1: textFull | H1: text02 | I1: INDEXFolder | J1: INDEXName
A2: modeND | B2: ZZAA-005 | F2: 1 | G2: ZZAA-004 | I2: MKTENDinhVi | J2: MKTENDinhVi_
A3: mode000 | B3: ZZAA-005 | C3: longvideoBG_100lifehack.mp4 | D3: 0 | F3: 4
A4: mode000 | B4: ZZAA-006 | C4: longvideoBG_100lifehack.mp4 | D4: 0 | F4: 4
A5: NULLA
A6: NULLA
A7: NULLA
A8: NULLA
A9: NULLA
A10: NULLA
A11: NULLA

Sheet 24
A1: 12 | B1: Quan điểm cá nhân | C1: Muốn giỏi một việc, hãy tạo cơ hội làm nó thật nhiều.
A2: 13 | B2: Quan điểm cá nhân | C2: Không phải ai cũng cần học giống nhau.
A3: 14 | B3: Quan điểm cá nhân | C3: Đơn giản không có nghĩa là đơn sơ.
A4: 15 | B4: Quan điểm cá nhân | C4: Điều tốt nhất đôi khi là điều dễ làm nhất.
A5: 16 | B5: Quan điểm cá nhân | C5: Học để biết khác hoàn toàn học để dùng.
A6: 17 | B6: Quan điểm cá nhân | C6: Một phương pháp tốt phải giúp người học bắt đầu được.
A7: 18 | B7: Quan điểm cá nhân | C7: Đừng biến việc học thành một cuộc thi trí nhớ.
A8: 19 | B8: Quan điểm cá nhân | C8: Càng thực tế, việc học càng có cơ hội đi xa.
A9: 20 | B9: Quan điểm cá nhân | C9: Tôi tin vào những thứ có thể luyện được.
A10: 21 | B10: Quan điểm cá nhân | C10: Tôi không tìm người có năng khiếu, tôi tìm người chịu luyện.
A11: 22 | B11: Quan điểm cá nhân | C11: Không cần giỏi ngay, chỉ cần tiếp tục làm đúng.
A12: 23 | B12: Quan điểm cá nhân | C12: Mọi kỹ năng đều cần thời gian để trở thành phản xạ.
... A89: 100 | B89: Thương hiệu/phương pháp | C89: Ghép âm — hiểu âm thanh để nghe dễ hơn, nói tự nhiên hơn.

Sheet Sheet6
D3: S001 | E3: Hướng dẫn ghép âm và rèn luyện nghe nói tiếng anh online #kadienghepam #renluyentienganhnghenoi #online | F3: S001 Hướng dẫn ghép âm và rèn luyện nghe nói tiếng anh online #kadienghepam #renluyentienganhnghenoi #online | G3: 14
D4: S002 | E4: Hướng dẫn ghép âm và rèn luyện nghe nói tiếng anh online #kadienghepam #renluyentienganhnghenoi #online | F4: S002 Hướng dẫn ghép âm và rèn luyện nghe nói tiếng anh online #kadienghepam #renluyentienganhnghenoi #online | G4: 15
D5: S003 | E5: Hướng dẫn ghép âm và rèn luyện nghe nói tiếng anh online #kadienghepam #renluyentienganhnghenoi #online | F5: S003 Hướng dẫn ghép âm và rèn luyện nghe nói tiếng anh online #kadienghepam #renluyentienganhnghenoi #online | G5: 16 | S5: Nghe nói không khó!
D6: S004 | E6: Hướng dẫn ghép âm và rèn luyện nghe nói tiếng anh online #kadienghepam #renluyentienganhnghenoi #online | F6: S004 Hướng dẫn ghép âm và rèn luyện nghe nói tiếng anh online #kadienghepam #renluyentienganhnghenoi #online | G6: 17 | S6: #kadienghepam
D7: S005 | E7: Hướng dẫn ghép âm và rèn luyện nghe nói tiếng anh online #kadienghepam #renluyentienganhnghenoi #online | F7: S005 Hướng dẫn ghép âm và rèn luyện nghe nói tiếng anh online #kadienghepam #renluyentienganhnghenoi #online | G7: 18 | S7: #renluyentienganhnghenoi
D8: S006 | E8: Hướng dẫn ghép âm và rèn luyện nghe nói tiếng anh online #kadienghepam #renluyentienganhnghenoi #online | F8: S006 Hướng dẫn ghép âm và rèn luyện nghe nói tiếng anh online #kadienghepam #renluyentienganhnghenoi #online | G8: 19 | S8: #online
D9: S007 | E9: Hướng dẫn ghép âm và rèn luyện nghe nói tiếng anh online #kadienghepam #renluyentienganhnghenoi #online | F9: S007 Hướng dẫn ghép âm và rèn luyện nghe nói tiếng anh online #kadienghepam #renluyentienganhnghenoi #online | G9: 20
D10: S008 | E10: Hướng dẫn ghép âm và rèn luyện nghe nói tiếng anh online #kadienghepam #renluyentienganhnghenoi #online | F10: S008 Hướng dẫn ghép âm và rèn luyện nghe nói tiếng anh online #kadienghepam #renluyentienganhnghenoi #online | G10: 21
D11: S009 | E11: Hướng dẫn ghép âm và rèn luyện nghe nói tiếng anh online #kadienghepam #renluyentienganhnghenoi #online | F11: S009 Hướng dẫn ghép âm và rèn luyện nghe nói tiếng anh online #kadienghepam #renluyentienganhnghenoi #online | G11: 22
D12: S010 | E12: Hướng dẫn ghép âm và rèn luyện nghe nói tiếng anh online #kadienghepam #renluyentienganhnghenoi #online | F12: S010 Hướng dẫn ghép âm và rèn luyện nghe nói tiếng anh online #kadienghepam #renluyentienganhnghenoi #online | G12: 23
D13: S011 | E13: Hướng dẫn ghép âm và rèn luyện nghe nói tiếng anh online #kadienghepam #renluyentienganhnghenoi #online | F13: S011 Hướng dẫn ghép âm và rèn luyện nghe nói tiếng anh online #kadienghepam #renluyentienganhnghenoi #online | G13: 23
